cours complétés;GMC-1024;GMC-2007;OPT-ION3;OPT-ION4;OPT-ION5;PHY-0150
A26;MAT-0130;MAT-0150;PHY-0250;IFT-1903;GMC-1004;
H27;GMC-1001;MAT-0260;GML-1001;ECN-4901;GMN-2900;GMC-1005
E27;;;;;;
A27;GMC-2003;MAT-1900;GMC-2024;STT-1900;GMC-1002;
H28;GMC-2001;MAT-1910;MAT-2910;LAN-GUES;GMC-1003;
E28;GMC-2580;;;;;
A28;GMC-2002;GMC-2006;GMC-3024;GMC-3009;PHI-2910;
H29;GMC-3000;PHI-3900;GMC-2025;GMC-3006;GMC-2005;
E29;;;;;;
A29;GMC-3003;OPT-ION1;GMC-3025;GMC-3002;GMC-3005;
H30;OPT-ION2;GMC-3020;GMC-3034;GMC-3035;GMC-2008;
